-- MySQL dump 10.13  Distrib 8.0.44, for Linux (x86_64)
--
-- Host: localhost    Database: docscanner
-- ------------------------------------------------------
-- Server version	8.0.44

/*!40101 SET @OLD_CHARACTER_SET_CLIENT=@@CHARACTER_SET_CLIENT */;
/*!40101 SET @OLD_CHARACTER_SET_RESULTS=@@CHARACTER_SET_RESULTS */;
/*!40101 SET @OLD_COLLATION_CONNECTION=@@COLLATION_CONNECTION */;
/*!50503 SET NAMES utf8mb4 */;
/*!40103 SET @OLD_TIME_ZONE=@@TIME_ZONE */;
/*!40103 SET TIME_ZONE='+00:00' */;
/*!40014 SET @OLD_UNIQUE_CHECKS=@@UNIQUE_CHECKS, UNIQUE_CHECKS=0 */;
/*!40014 SET @OLD_FOREIGN_KEY_CHECKS=@@FOREIGN_KEY_CHECKS, FOREIGN_KEY_CHECKS=0 */;
/*!40101 SET @OLD_SQL_MODE=@@SQL_MODE, SQL_MODE='NO_AUTO_VALUE_ON_ZERO' */;
/*!40111 SET @OLD_SQL_NOTES=@@SQL_NOTES, SQL_NOTES=0 */;

--
-- Dumping data for table `units`
--

LOCK TABLES `units` WRITE;
/*!40000 ALTER TABLE `units` DISABLE KEYS */;
INSERT INTO `units` (`id`, `name`, `code`, `is_active`, `created_at`, `updated_at`) VALUES (1,'SEKRETARIAT','SEKRETARIAT',1,'2025-12-13 14:58:29','2025-12-13 14:58:29'),(2,'BIDANG SMA','BIDANG SMA',1,'2025-12-13 14:58:46','2025-12-13 14:58:46'),(3,'BIDANG SMK','BIDANG SMK',1,'2025-12-13 14:59:13','2025-12-13 14:59:13'),(4,'BIDANG PTK','BIDANG PTK',1,'2025-12-13 15:00:31','2025-12-13 15:00:31'),(5,'BIDANG PK-PLK','BIDANG PK-PLK',1,'2025-12-13 15:02:10','2025-12-13 15:02:10'),(6,'UPTD. BLPT','UPTD. BLPT',1,'2025-12-13 15:02:21','2025-12-13 15:02:21'),(13,'DAK SMA','DAK SMA',1,'2025-12-13 15:04:49','2025-12-13 15:04:49'),(14,'DAK SMK','DAK SMK',1,'2025-12-13 15:06:00','2025-12-13 15:06:00'),(15,'CABDIS WILAYAH 1','CABDIS WILAYAH 1',1,'2025-12-13 15:08:13','2025-12-13 15:08:13'),(16,'CABDIS WILAYAH 2','CABDIS WILAYAH 2',1,'2025-12-13 15:08:24','2025-12-13 15:08:24'),(17,'CABDIS WILAYAH 3','CABDIS WILAYAH 3',1,'2025-12-13 15:08:35','2025-12-13 15:08:35'),(18,'CABDIS WILAYAH 4','CABDIS WILAYAH 4',1,'2025-12-13 15:09:00','2025-12-13 15:09:00'),(19,'CABDSI WILAYAH 5','CABDSI WILAYAH 5',1,'2025-12-13 15:09:12','2025-12-13 15:09:12'),(20,'CABDIS WILAYAH 6','CABDIS WILAYAH 6',1,'2025-12-13 15:09:23','2025-12-13 15:09:23');
/*!40000 ALTER TABLE `units` ENABLE KEYS */;
UNLOCK TABLES;

--
-- Dumping data for table `pptks`
--

LOCK TABLES `pptks` WRITE;
/*!40000 ALTER TABLE `pptks` DISABLE KEYS */;
INSERT INTO `pptks` (`id`, `name`, `nip`, `avatar`, `unit_id`, `is_active`, `created_at`, `updated_at`) VALUES (3,'IRFAN, S.Pt',NULL,NULL,1,1,'2025-12-13 15:26:59','2025-12-13 15:26:59'),(4,'ENDANG SUSANTI, SE',NULL,NULL,1,1,'2025-12-13 15:26:59','2025-12-13 15:26:59'),(5,'I. NURFAIDAH, SE.,M.Si',NULL,NULL,1,1,'2025-12-13 15:26:59','2025-12-13 15:26:59'),(6,'ROCKHFANI K. NGONGO, S.Sos',NULL,NULL,1,1,'2025-12-13 15:26:59','2025-12-13 15:26:59'),(7,'MOHAMAD FAKHRURRAZI, S.Ak',NULL,NULL,1,1,'2025-12-13 15:26:59','2025-12-13 15:26:59'),(8,'RETNO PRATIWI, SSTP.,MAP',NULL,NULL,2,1,'2025-12-13 15:26:59','2025-12-13 15:26:59'),(9,'RAHMAD HIDAYAT, S.STP',NULL,NULL,2,1,'2025-12-13 15:26:59','2025-12-13 15:26:59'),(10,'IMTIZAL SYAHBAN, S.Tr.IP',NULL,NULL,2,1,'2025-12-13 15:26:59','2025-12-13 15:26:59'),(11,'REINA MIFTAHANI, S.Sn',NULL,NULL,2,1,'2025-12-13 15:26:59','2025-12-13 15:26:59'),(12,'BENI, S.AP',NULL,NULL,13,1,'2025-12-13 15:26:59','2025-12-13 15:26:59'),(13,'Hj. URIANI HASAN, S.Pd.,MSi',NULL,NULL,3,1,'2025-12-13 15:26:59','2025-12-13 15:26:59'),(14,'MOHAMAD IRFAN, S.ST',NULL,NULL,3,1,'2025-12-13 15:26:59','2025-12-13 15:26:59'),(15,'JUNAIDIN, SH., M.Si',NULL,NULL,3,1,'2025-12-13 15:26:59','2025-12-13 15:26:59'),(16,'GUNAWAN, SE',NULL,NULL,14,1,'2025-12-13 15:26:59','2025-12-13 15:26:59'),(17,'ASRIA, SE.,MM',NULL,NULL,4,1,'2025-12-13 15:26:59','2025-12-13 15:26:59'),(18,'FAIZAH, SP.,MM',NULL,NULL,5,1,'2025-12-13 15:26:59','2025-12-13 15:26:59'),(19,'JORDAN YORRY MOULA,SH.M.Si.,AIFO-P',NULL,NULL,6,1,'2025-12-13 15:26:59','2025-12-13 15:26:59'),(20,'INDRIYANI, SE',NULL,NULL,15,1,'2025-12-13 15:26:59','2025-12-13 15:26:59'),(21,'ETTY BUDI SETIAWATY, S.Pi',NULL,NULL,16,1,'2025-12-13 15:26:59','2025-12-13 15:26:59'),(22,'HENDRAWAN BASO, SH',NULL,NULL,17,1,'2025-12-13 15:26:59','2025-12-13 15:26:59'),(23,'RUBLAN LIDAYA, S.Pd',NULL,NULL,18,1,'2025-12-13 15:26:59','2025-12-13 15:26:59'),(24,'RAMADHAN TAMBONG, S.Sos',NULL,NULL,19,1,'2025-12-13 15:26:59','2025-12-13 15:26:59'),(25,'RAPIAH, SE',NULL,NULL,20,1,'2025-12-13 15:26:59','2025-12-13 15:26:59');
/*!40000 ALTER TABLE `pptks` ENABLE KEYS */;
UNLOCK TABLES;

--
-- Dumping data for table `types`
--

LOCK TABLES `types` WRITE;
/*!40000 ALTER TABLE `types` DISABLE KEYS */;
INSERT INTO `types` (`id`, `name`, `code`, `is_active`, `created_at`, `updated_at`) VALUES (1,'UP','UP',1,'2025-12-13 15:36:56','2025-12-13 15:36:56'),(2,'GU','GU',1,'2025-12-13 15:37:10','2025-12-13 15:37:10'),(3,'LS','LS',1,'2025-12-13 15:37:21','2025-12-13 15:37:21');
/*!40000 ALTER TABLE `types` ENABLE KEYS */;
UNLOCK TABLES;

--
-- Dumping data for table `sumber_danas`
--

LOCK TABLES `sumber_danas` WRITE;
/*!40000 ALTER TABLE `sumber_danas` DISABLE KEYS */;
INSERT INTO `sumber_danas` (`id`, `name`, `code`, `is_active`, `created_at`, `updated_at`) VALUES (1,'DANA-01','PAD / DAU BIASA',1,'2025-12-13 15:38:30','2025-12-13 15:42:48'),(2,'DANA-04','DAK SMK',1,'2025-12-13 15:38:51','2025-12-13 15:39:23'),(3,'DANA-02','DAU EMARKED',1,'2025-12-13 15:40:13','2025-12-13 15:40:13'),(4,'DANA-03','DAK SMA',1,'2025-12-13 15:40:41','2025-12-13 15:40:41');
/*!40000 ALTER TABLE `sumber_danas` ENABLE KEYS */;
UNLOCK TABLES;
/*!40103 SET TIME_ZONE=@OLD_TIME_ZONE */;

/*!40101 SET SQL_MODE=@OLD_SQL_MODE */;
/*!40014 SET FOREIGN_KEY_CHECKS=@OLD_FOREIGN_KEY_CHECKS */;
/*!40014 SET UNIQUE_CHECKS=@OLD_UNIQUE_CHECKS */;
/*!40101 SET CHARACTER_SET_CLIENT=@OLD_CHARACTER_SET_CLIENT */;
/*!40101 SET CHARACTER_SET_RESULTS=@OLD_CHARACTER_SET_RESULTS */;
/*!40101 SET COLLATION_CONNECTION=@OLD_COLLATION_CONNECTION */;
/*!40111 SET SQL_NOTES=@OLD_SQL_NOTES */;

-- Dump completed on 2025-12-14  9:57:07
